Human,Aihi,Hello! How can I assist you today?
kya English mein,Can I help you with something in English?
English mein,Is there something specific you would like to know or discuss in English?
hi,Hello! How can I assist you today?
hi,Hello! How can I assist you today?
hi,Hello! How can I assist you today?
hi,Hello! How can I assist you today?
hi,Hello! How can I assist you today?
hi,Hello! How can I assist you today?
hi,Hello! How can I assist you today?
hi my name is hardik what about you,Hello Hardik! I am an AI assistant. How can I help you today?
